[
    {"ItemID": 0x0974, "Searchable": true},
    {"ItemID": 0x0975, "Searchable": true},
    {"ItemID": 0x0990, "Searchable": true},
    {"ItemID": 0x09A8, "Searchable": true},
    {"ItemID": 0x09A9, "Searchable": true},
    {"ItemID": 0x09AA, "Searchable": true},
    {"ItemID": 0x09AB, "Searchable": true},
    {"ItemID": 0x09AC, "Searchable": true},
    {"ItemID": 0x09B0, "Searchable": true},
    {"ItemID": 0x09B1, "Searchable": true},
    {"ItemID": 0x09B2, "Searchable": true},
    {"ItemID": 0x0A2C, "Searchable": true},
    {"ItemID": 0x0A30, "Searchable": true},
    {"ItemID": 0x0A34, "Searchable": true},
    {"ItemID": 0x0A38, "Searchable": true},
    {"ItemID": 0x0A4C, "Searchable": true},
    {"ItemID": 0x0A4D, "Searchable": true},
    {"ItemID": 0x0A4E, "Searchable": true},
    {"ItemID": 0x0A4F, "Searchable": true},
    {"ItemID": 0x0A50, "Searchable": true},
    {"ItemID": 0x0A51, "Searchable": true},
    {"ItemID": 0x0A52, "Searchable": true},
    {"ItemID": 0x0A53, "Searchable": true},
    {"ItemID": 0x0A97, "Searchable": true},
    {"ItemID": 0x0A98, "Searchable": true},
    {"ItemID": 0x0A99, "Searchable": true},
    {"ItemID": 0x0A9A, "Searchable": true},
    {"ItemID": 0x0A9B, "Searchable": true},
    {"ItemID": 0x0A9C, "Searchable": true},
    {"ItemID": 0x0A9D, "Searchable": true},
    {"ItemID": 0x0A9E, "Searchable": true},
    {"ItemID": 0x0E3C, "Searchable": true},
    {"ItemID": 0x0E3D, "Searchable": true},
    {"ItemID": 0x0E3E, "Searchable": true},
    {"ItemID": 0x0E3F, "Searchable": true},
    {"ItemID": 0x0E40, "Searchable": true},
    {"ItemID": 0x0E41, "Searchable": true},
    {"ItemID": 0x0E42, "Searchable": true},
    {"ItemID": 0x0E43, "Searchable": true},
    {"ItemID": 0x0E75, "Searchable": true},
    {"ItemID": 0x0E76, "Searchable": true},
    {"ItemID": 0x0E77, "Searchable": true},
    {"ItemID": 0x0E78, "Searchable": true},
    {"ItemID": 0x0E79, "Searchable": false},
    {"ItemID": 0x0E7A, "Searchable": true},
    {"ItemID": 0x0E7C, "Searchable": true},
    {"ItemID": 0x0E7D, "Searchable": true},
    {"ItemID": 0x0E7E, "Searchable": true},
    {"ItemID": 0x0E7F, "Searchable": true},
    {"ItemID": 0x0E80, "Searchable": true},
    {"ItemID": 0x0E83, "Searchable": true},
    {"ItemID": 0x0ECA, "Searchable": true},
    {"ItemID": 0x0ECB, "Searchable": true},
    {"ItemID": 0x0ECC, "Searchable": true},
    {"ItemID": 0x0ECD, "Searchable": true},
    {"ItemID": 0x0ECE, "Searchable": true},
    {"ItemID": 0x0ECF, "Searchable": true},
    {"ItemID": 0x0ED0, "Searchable": true},
    {"ItemID": 0x0ED1, "Searchable": true},
    {"ItemID": 0x0ED2, "Searchable": true},
    {"ItemID": 0x0FAE, "Searchable": true},
    {"ItemID": 0x1E5E, "Searchable": true},
    {"ItemID": 0x1FFF, "Searchable": true},
    {"ItemID": 0x2000, "Searchable": true},
    {"ItemID": 0x2006, "Searchable": true},
    {"ItemID": 0x207B, "Searchable": true},
    {"ItemID": 0x2256, "Searchable": true},
    {"ItemID": 0x2257, "Searchable": true},
    {"ItemID": 0x232A, "Searchable": true},
    {"ItemID": 0x232B, "Searchable": true},
    {"ItemID": 0x24D5, "Searchable": true},
    {"ItemID": 0x24D6, "Searchable": true},
    {"ItemID": 0x24D7, "Searchable": true},
    {"ItemID": 0x24D8, "Searchable": true},
    {"ItemID": 0x24D9, "Searchable": true},
    {"ItemID": 0x24DA, "Searchable": true},
    {"ItemID": 0x24DB, "Searchable": true},
    {"ItemID": 0x24DC, "Searchable": true},
    {"ItemID": 0x24DD, "Searchable": true},
    {"ItemID": 0x280B, "Searchable": true},
    {"ItemID": 0x280C, "Searchable": true},
    {"ItemID": 0x280D, "Searchable": true},
    {"ItemID": 0x280E, "Searchable": true},
    {"ItemID": 0x280F, "Searchable": true},
    {"ItemID": 0x2810, "Searchable": true},
    {"ItemID": 0x2811, "Searchable": true},
    {"ItemID": 0x2812, "Searchable": true},
    {"ItemID": 0x2813, "Searchable": true},
    {"ItemID": 0x2814, "Searchable": true},
    {"ItemID": 0x2815, "Searchable": true},
    {"ItemID": 0x2816, "Searchable": true},
    {"ItemID": 0x2817, "Searchable": true},
    {"ItemID": 0x2818, "Searchable": true},
    {"ItemID": 0x2857, "Searchable": true},
    {"ItemID": 0x2858, "Searchable": true},
    {"ItemID": 0x2859, "Searchable": true},
    {"ItemID": 0x285A, "Searchable": true},
    {"ItemID": 0x285B, "Searchable": true},
    {"ItemID": 0x285C, "Searchable": true},
    {"ItemID": 0x285D, "Searchable": true},
    {"ItemID": 0x285E, "Searchable": true},
    {"ItemID": 0x2AC0, "Searchable": true},
    {"ItemID": 0x2AC1, "Searchable": true},
    {"ItemID": 0x2AC2, "Searchable": true},
    {"ItemID": 0x2AC3, "Searchable": true},
    {"ItemID": 0x2AC4, "Searchable": true},
    {"ItemID": 0x2AC5, "Searchable": true},
    {"ItemID": 0x2B02, "Searchable": true},
    {"ItemID": 0x2B03, "Searchable": true},
    {"ItemID": 0x2B14, "Searchable": true},
    {"ItemID": 0x2BD9, "Searchable": true},
    {"ItemID": 0x2BDA, "Searchable": true},
    {"ItemID": 0x2BDB, "Searchable": true},
    {"ItemID": 0x2BDC, "Searchable": true},
    {"ItemID": 0x2DE9, "Searchable": true},
    {"ItemID": 0x2DEA, "Searchable": true},
    {"ItemID": 0x2DF1, "Searchable": true},
    {"ItemID": 0x2DF2, "Searchable": true},
    {"ItemID": 0x2DF3, "Searchable": true},
    {"ItemID": 0x2DF4, "Searchable": true},
    {"ItemID": 0x2FB7, "Searchable": true},
    {"ItemID": 0x3171, "Searchable": true},
    {"ItemID": 0x3E65, "Searchable": true},
    {"ItemID": 0x3E93, "Searchable": true},
    {"ItemID": 0x3EAE, "Searchable": true},
    {"ItemID": 0x3EB9, "Searchable": true},
    {"ItemID": 0x4025, "Searchable": true},
    {"ItemID": 0x4026, "Searchable": true},
    {"ItemID": 0x4102, "Searchable": true},
    {"ItemID": 0x4103, "Searchable": true},
    {"ItemID": 0x4104, "Searchable": true},
    {"ItemID": 0x4105, "Searchable": true},
    {"ItemID": 0x4106, "Searchable": true},
    {"ItemID": 0x4107, "Searchable": true},
    {"ItemID": 0x4108, "Searchable": true},
    {"ItemID": 0x4109, "Searchable": true},
    {"ItemID": 0x4141, "Searchable": true},
    {"ItemID": 0x4142, "Searchable": true},
    {"ItemID": 0x4143, "Searchable": true},
    {"ItemID": 0x4144, "Searchable": true},
    {"ItemID": 0x46A2, "Searchable": true},
    {"ItemID": 0x46A3, "Searchable": true},
    {"ItemID": 0x46A4, "Searchable": true},
    {"ItemID": 0x46A5, "Searchable": true},
    {"ItemID": 0x46A6, "Searchable": true},
    {"ItemID": 0x46A7, "Searchable": true},
    {"ItemID": 0x49C8, "Searchable": true},
    {"ItemID": 0x49C9, "Searchable": true},
    {"ItemID": 0x49CA, "Searchable": true},
    {"ItemID": 0x49CB, "Searchable": true},
    {"ItemID": 0x49CC, "Searchable": true},
    {"ItemID": 0x49CD, "Searchable": true},
    {"ItemID": 0x49CE, "Searchable": true},
    {"ItemID": 0x49CF, "Searchable": true},
    {"ItemID": 0x49D0, "Searchable": true},
    {"ItemID": 0x49D1, "Searchable": true},
    {"ItemID": 0x49D2, "Searchable": true},
    {"ItemID": 0x49D3, "Searchable": true},
    {"ItemID": 0x4BE7, "Searchable": true},
    {"ItemID": 0x4BE9, "Searchable": true},
    {"ItemID": 0x4D0C, "Searchable": true},
    {"ItemID": 0x4D0D, "Searchable": true},
    {"ItemID": 0x9706, "Searchable": true},
    {"ItemID": 0x9707, "Searchable": true},
    {"ItemID": 0x9A91, "Searchable": true},
    {"ItemID": 0x9A92, "Searchable": true},
    {"ItemID": 0x9A93, "Searchable": true},
    {"ItemID": 0x9A94, "Searchable": true},
    {"ItemID": 0x9E1A, "Searchable": true},
    {"ItemID": 0x9E37, "Searchable": true},
    {"ItemID": 0x9E84, "Searchable": true},
    {"ItemID": 0x9E85, "Searchable": true},
    {"ItemID": 0x9F1E, "Searchable": true},
    {"ItemID": 0x9F1F, "Searchable": true},
    {"ItemID": 0x9F21, "Searchable": true},
    {"ItemID": 0x9F22, "Searchable": true},
    {"ItemID": 0x9FA2, "Searchable": true},
    {"ItemID": 0x9FF8, "Searchable": true},
    {"ItemID": 0x9FF9, "Searchable": true},
    {"ItemID": 0xA0A1, "Searchable": true},
    {"ItemID": 0xA0A2, "Searchable": true},
    {"ItemID": 0xA0DB, "Searchable": true},
    {"ItemID": 0xA0DC, "Searchable": true},
    {"ItemID": 0xA1F5, "Searchable": true},
    {"ItemID": 0xA1F6, "Searchable": true},
    {"ItemID": 0xA1F7, "Searchable": true},
    {"ItemID": 0xA1F8, "Searchable": true},
    {"ItemID": 0xA1F9, "Searchable": true},
    {"ItemID": 0xA202, "Searchable": true},
    {"ItemID": 0xA203, "Searchable": true},
    {"ItemID": 0xA204, "Searchable": true},
    {"ItemID": 0xA205, "Searchable": true},
    {"ItemID": 0xA206, "Searchable": true},
    {"ItemID": 0xA207, "Searchable": true},
    {"ItemID": 0xA208, "Searchable": true},
    {"ItemID": 0xA209, "Searchable": true},
    {"ItemID": 0xA304, "Searchable": true},
    {"ItemID": 0xA305, "Searchable": true},
    {"ItemID": 0xA306, "Searchable": true},
    {"ItemID": 0xA307, "Searchable": true},
    {"ItemID": 0xA308, "Searchable": true},
    {"ItemID": 0xA309, "Searchable": true},
    {"ItemID": 0xA30A, "Searchable": true},
    {"ItemID": 0xA30B, "Searchable": true},
    {"ItemID": 0xA32F, "Searchable": true},
    {"ItemID": 0xA330, "Searchable": true},
    {"ItemID": 0xA331, "Searchable": true},
    {"ItemID": 0xA332, "Searchable": true},
    {"ItemID": 0xA333, "Searchable": true},
    {"ItemID": 0xA334, "Searchable": true},
    {"ItemID": 0xA62A, "Searchable": true},
    {"ItemID": 0xA62B, "Searchable": true},
    {"ItemID": 0xA62C, "Searchable": true},
    {"ItemID": 0xA62D, "Searchable": true},
    {"ItemID": 0xA62E, "Searchable": true},
    {"ItemID": 0xA62F, "Searchable": true},
    {"ItemID": 0xA630, "Searchable": true},
    {"ItemID": 0xA631, "Searchable": true},
    {"ItemID": 0xA632, "Searchable": true},
    {"ItemID": 0xA633, "Searchable": true},
    {"ItemID": 0xA634, "Searchable": true},
    {"ItemID": 0xA635, "Searchable": true},
    {"ItemID": 0xA636, "Searchable": true},
    {"ItemID": 0xA637, "Searchable": true},
    {"ItemID": 0xA638, "Searchable": true},
    {"ItemID": 0xA639, "Searchable": true},
    {"ItemID": 0xA63A, "Searchable": true},
    {"ItemID": 0xA63B, "Searchable": true},
    {"ItemID": 0xA63C, "Searchable": true},
    {"ItemID": 0xA84F, "Searchable": true},
    {"ItemID": 0xA850, "Searchable": true},
    {"ItemID": 0xA851, "Searchable": true},
    {"ItemID": 0xA852, "Searchable": true}
]
