﻿{
  "counters": {
    "counter": [
      {
        "name": "band",
        "graphic": "0xe21",
        "color": "-1",
        "text": "Bandages"
      },
      {
        "name": "bp",
        "graphic": "0xf7a",
        "color": "0",
        "text": "Black Pearl"
      },
      {
        "name": "gl",
        "graphic": "0xf84",
        "color": "0",
        "text": "Garlic"
      },
      {
        "name": "gs",
        "graphic": "0xf85",
        "color": "0",
        "text": "Ginseng"
      },
      {
        "name": "mr",
        "graphic": "0xf86",
        "color": "0",
        "text": "Mandrake Root"
      },
      {
        "name": "ns",
        "graphic": "0xf88",
        "color": "0",
        "text": "Nightshade"
      },
      {
        "name": "sa",
        "graphic": "0xf8c",
        "color": "0",
        "text": "Sulfurous Ash"
      },
      {
        "name": "ss",
        "graphic": "0xf8d",
        "color": "0",
        "text": "Spider's Silk"
      },
      {
        "name": "bm",
        "graphic": "0xf7b",
        "color": "0",
        "text": "Blood Moss"
      }
    ]
  }
}