{
  "Bards' Music": [0x38, 0x39, 0x43, 0x44, 0x45, 0x46, 0x4C, 0x4D, 0x52, 0x53 ],
  "Dog Sounds": [0x85, 0x89 ],
  "Cat Sounds": [ 0x69, 0x6A, 0x6B, 0x6C, 0x6D ],
  "Horse Sounds": [ 0xA8, 0xAC ],
    "Sheep Sounds": [0xD6, 0xDA ],
    "Spirit Speak Sound": [ 0x24A ],
    "Spell Fizzle Sound": [ 0x5C ],
    "Backpack Sound": [ 0x48 ],
    "Deer Sounds": [ 0x82, 0x83, 0x84, 0x85, 0x2BE, 0x2BF, 0x2C0, 0x4CB, 0x4CC ],
    "Cyclop/Titan Sounds": [ 0x25D, 0x25E, 0x25F, 0x260, 0x261, 0x262,
			   0x263, 0x264, 0x265, 0x266 ],
    "Bull Sounds": [ 0x065, 0x066, 0x067, 0x068, 0x069 ],
    "Dragon Sounds": [ 0x2C8, 0x2C9, 0x2CA, 0x2CB, 0x2CC, 0x2CD, 0x2CE,
                      0x2CF, 0x2D0, 0x2D1, 0x2D2, 0x2D3, 0x2D4, 0x2D5, 0x2D6,
		      0x16B, 0x16C, 0x16D, 0x16E, 0x16F, 0x15F, 0x160,
                      0x161 ],
    "Chicken Sounds": [ 0x06F, 0x070, 0x071, 0x072, 0x073 ],
    "Bird Sounds": [ 0x017, 0x018, 0x019, 0x01A, 0x01B, 0x01C, 0x01D,
                0x01E, 0x01F, 0x270, 0x271, 0x272, 0x273, 0x274, 0x29B, 0x275, 0x29C, 0x276, 0x29D, 0x277, 0x29E, 0x278,
                     0x29F, 0x279, 0x2A0 ],
}
