﻿[
    {
	"name": "shield",
	"graphic": 0x1b72,
	"primary": "1",
	"secondary": "1",
	"twohanded": false
    },
    {
	"name": "shield",
	"graphic": 0x1b73,
	"primary": "1",
	"secondary": "1",
	"twohanded": false
    },
    {
	"name": "shield",
	"graphic": 0x1B74,
	"primary": "1",
	"secondary": "1",
	"twohanded": false
    },
    {
	"name": "shield",
	"graphic": 0x1B75,
	"primary": "1",
	"secondary": "1",
	"twohanded": false
    },
    {
	"name": "shield",
	"graphic": 0x1B76,
	"primary": "1",
	"secondary": "1",
	"twohanded": false
    },
    {
	"name": "shield",
	"graphic": 0x1B77,
	"primary": "1",
	"secondary": "1",
	"twohanded": false
    },
    {
	"name": "shield",
	"graphic": 0x1B78,
	"primary": "1",
	"secondary": "1",
	"twohanded": false
    },
    {
	"name": "shield",
	"graphic": 0x1B79,
	"primary": "1",
	"secondary": "1",
	"twohanded": false
    },
    {
	"name": "shield",
	"graphic": 0x1B7A,
	"primary": "1",
	"secondary": "1",
	"twohanded": false
    },
    {
	"name": "shield",
	"graphic": 0x1B7B,
	"primary": "1",
	"secondary": "1",
	"twohanded": false
    },
    {
	"name": "shield",
	"graphic": 0x1BC3,
	"primary": "1",
	"secondary": "1",
	"twohanded": false
    },
    {
	"name": "shield",
	"graphic": 0x1BC4,
	"primary": "1",
	"secondary": "1",
	"twohanded": false
    },
    {
	"name": "shield",
	"graphic": 0x1BC5,
	"primary": "1",
	"secondary": "1",
	"twohanded": false
    },
    {
	"name": "shield",
	"graphic": 0x4201,
	"primary": "1",
	"secondary": "1",
	"twohanded": false
    },
    {
	"name": "shield",
	"graphic": 0x4200,
	"primary": "1",
	"secondary": "1",
	"twohanded": false
    },
    {
	"name": "shield",
	"graphic": 0x4202,
	"primary": "1",
	"secondary": "1",
	"twohanded": false
    },
    {
	"name": "shield",
	"graphic": 0x4203,
	"primary": "1",
	"secondary": "1",
	"twohanded": false
    },
    {
	"name": "shield",
	"graphic": 0x4204,
	"primary": "1",
	"secondary": "1",
	"twohanded": false
    },
    {
	"name": "shield",
	"graphic": 0x4205,
	"primary": "1",
	"secondary": "1",
	"twohanded": false
    },
    {
	"name": "shield",
	"graphic": 0x4206,
	"primary": "1",
	"secondary": "1",
	"twohanded": false
    },
    {
	"name": "shield",
	"graphic": 0x4207,
	"primary": "1",
	"secondary": "1",
	"twohanded": false
    },
    {
	"name": "shield",
	"graphic": 0x4208,
	"primary": "1",
	"secondary": "1",
	"twohanded": false
    },
    {
	"name": "shield",
	"graphic": 0x4228,
	"primary": "1",
	"secondary": "1",
	"twohanded": false
    },
    {
	"name": "shield",
	"graphic": 0x4229,
	"primary": "1",
	"secondary": "1",
	"twohanded": false
    },
    {
	"name": "shield",
	"graphic": 0x422A,
	"primary": "1",
	"secondary": "1",
	"twohanded": false
    },
    {
	"name": "shield",
	"graphic": 0x422C,
	"primary": "1",
	"secondary": "1",
	"twohanded": false
    },
    {
	"name": "shield",
	"graphic": 0x7817,
	"primary": "1",
	"secondary": "1",
	"twohanded": false
    },
    {
	"name": "shield",
	"graphic": 0x7818,
	"primary": "1",
	"secondary": "1",
	"twohanded": false
    },
    {
	"name": "shield",
	"graphic": 0xA649,
	"primary": "1",
	"secondary": "1",
	"twohanded": false
    },	
  {
    "name": "Axe",
    "graphic": 0xF49,
    "primary": "4",
    "secondary": "6",
    "twohanded": true
  },
  {
    "name": "Battle Axe",
    "graphic": 0xF47,
    "primary": "2",
    "secondary": "3",
    "twohanded": true
  },
  {
    "name": "Double Axe",
    "graphic": 0xF4B,
    "primary": "7",
    "secondary": "13",
    "twohanded": true
  },
  {
    "name": "Executioners Axe",
    "graphic": 0xF45,
    "primary": "2",
    "secondary": "9",
    "twohanded": true
  },
  {
    "name": "Hatchet",
    "graphic": 0xF43,
    "primary": "1",
    "secondary": "5",
    "twohanded": true
  },
  {
    "name": "Large Battle Axe",
    "graphic": 0x13FB,
    "primary": "13",
    "secondary": "2",
    "twohanded": true
  },
  {
    "name": "Pickaxe",
    "graphic": 0xE86,
    "primary": "7",
    "secondary": "5"
  },
  {
    "name": "Two Handed Axe",
    "graphic": 0x1443,
    "primary": "7",
    "secondary": "12",
    "twohanded": true
  },
  {
    "name": "War Axe",
    "graphic": 0x13B0,
    "primary": "1",
    "secondary": "2"
  },
  {
    "name": "Butcher Knife",
    "graphic": 0x13F6,
    "primary": "8",
    "secondary": "5"
  },
  {
    "name": "Cleaver",
    "graphic": 0xEC3,
    "primary": "2",
    "secondary": "8"
  },
  {
    "name": "Dagger",
    "graphic": 0xF52,
    "primary": "8",
    "secondary": "12"
  },
  {
    "name": "Skinning Knife",
    "graphic": 0xEC4,
    "primary": "12",
    "secondary": "5"
  },
  {
    "name": "Club",
    "graphic": 0x13B4,
    "primary": "12",
    "secondary": "6"
  },
  {
    "name": "Hammer Pick",
    "graphic": 0x143D,
    "primary": "1",
    "secondary": "9"
  },
  {
    "name": "Mace",
    "graphic": 0xF5C,
    "primary": "3",
    "secondary": "5"
  },
  {
    "name": "Magic Wand",
    "graphic": 0xDF2,
    "primary": "6",
    "secondary": "5"
  },
  {
    "name": "Maul",
    "graphic": 0x143B,
    "primary": "4",
    "secondary": "3"
  },
  {
    "name": "Scepter",
    "graphic": 0x26BC,
    "primary": "4",
    "secondary": "9"
  },
  {
    "name": "War Hammer",
    "graphic": 0x1439,
    "primary": "13",
    "secondary": "4",
    "twohanded": true
  },
  {
    "name": "War Mace",
    "graphic": 0x1407,
    "primary": "4",
    "secondary": "2"
  },
  {
    "name": "Bardiche",
    "graphic": 0xF4D,
    "primary": "11",
    "secondary": "6",
    "twohanded": true
  },
  {
    "name": "Halberd",
    "graphic": 0x143E,
    "primary": "13",
    "secondary": "3",
    "twohanded": true
  },
  {
    "name": "Scythe",
    "graphic": 0x26BA,
    "primary": "2",
    "secondary": "11",
    "twohanded": true
  },
  {
    "name": "Bow",
    "graphic": 0x13B2,
    "primary": "11",
    "secondary": "9",
    "twohanded": true
  },
  {
    "name": "Bow",
    "graphic": 0x13B1,
    "primary": "11",
    "secondary": "9",
    "twohanded": true
  },
  {
    "name": "Composite Bow",
    "graphic": 0x26C2,
    "primary": "1",
    "secondary": "10",
    "twohanded": true
  },
  {
    "name": "Crossbow",
    "graphic": 0xF50,
    "primary": "3",
    "secondary": "9",
    "twohanded": true
  },
  {
    "name": "Heavy Crossbow",
    "graphic": 0x13FD,
    "primary": "10",
    "secondary": "6",
    "twohanded": true
  },
  {
    "name": "Repeating Crossbow",
    "graphic": 0x26C3,
    "primary": "7",
    "secondary": "10",
    "twohanded": true
  },
  {
    "name": "Magical Shortbow",
    "graphic": 0x2D1F,
    "primary": "26",
    "secondary": "27",
    "twohanded": true
  },
  {
    "name": "Bladed Staff",
    "graphic": 0x26BD,
    "primary": "1",
    "secondary": "6",
    "twohanded": true
  },
  {
    "name": "Double Bladed Staff",
    "graphic": 0x26BF,
    "primary": "7",
    "secondary": "8",
    "twohanded": true
  },
  {
    "name": "Pike",
    "graphic": 0x26BE,
    "primary": "11",
    "secondary": "8",
    "twohanded": true
  },
  {
    "name": "Pitchfork",
    "graphic": 0xE87,
    "primary": "2",
    "secondary": "6",
    "twohanded": true
  },
  {
    "name": "Short Spear",
    "graphic": 0x1403,
    "primary": "12",
    "secondary": "9",
    "twohanded": true
  },
  {
    "name": "Spear",
    "graphic": 0xF62,
    "primary": "1",
    "secondary": "11",
    "twohanded": true
  },
  {
    "name": "War Fork",
    "graphic": 0x1405,
    "primary": "2",
    "secondary": "5"
  },
  {
    "name": "Black Staff",
    "graphic": 0xDF0,
    "primary": "13",
    "secondary": "11",
    "twohanded": true
  },
  {
    "name": "Gnarled Staff",
    "graphic": 0x13F8,
    "primary": "3",
    "secondary": "11",
    "twohanded": true
  },
  {
    "name": "Quarter Staff",
    "graphic": 0xE89,
    "primary": "7",
    "secondary": "3",
    "twohanded": true
  },
  {
    "name": "Shepherds Crook",
    "graphic": 0xE81,
    "primary": "4",
    "secondary": "5",
    "twohanded": true
  },
  {
    "name": "Bone Harvester",
    "graphic": 0x26BB,
    "primary": "11",
    "secondary": "9"
  },
  {
    "name": "Bone Harvester",
    "graphic": 0x26C5,
    "primary": "11",
    "secondary": "9"
  },
  {
    "name": "Broadsword",
    "graphic": 0xF5E,
    "primary": "4",
    "secondary": "1"
  },
  {
    "name": "Crescent Blade",
    "graphic": 0x26C1,
    "primary": "7",
    "secondary": "9",
    "twohanded": true
  },
  {
    "name": "Cutlass",
    "graphic": 0x1441,
    "primary": "2",
    "secondary": "12"
  },
  {
    "name": "Katana",
    "graphic": 0x13FF,
    "primary": "7",
    "secondary": "1"
  },
  {
    "name": "Kryss",
    "graphic": 0x1401,
    "primary": "1",
    "secondary": "8"
  },
  {
    "name": "Kryss",
    "graphic": 0x1400,
    "primary": "1",
    "secondary": "8"
  },
  {
    "name": "Lance",
    "graphic": 0x26C0,
    "primary": "6",
    "secondary": "3"
  },
  {
    "name": "Longsword",
    "graphic": 0xF61,
    "primary": "1",
    "secondary": "3"
  },
  {
    "name": "Scimitar",
    "graphic": 0x13B6,
    "primary": "7",
    "secondary": "11"
  },
  {
    "name": "Viking Sword",
    "graphic": 0x13B9,
    "primary": "4",
    "secondary": "11"
  },
  {
    "name": "Bokuto",
    "graphic": 0x27A8,
    "primary": "20",
    "secondary": "18"
  },
  {
    "name": "Daisho",
    "graphic": 0x27A9,
    "primary": "20",
    "secondary": "7",
    "twohanded": true
  },
  {
    "name": "Kama",
    "graphic": 0x27AD,
    "primary": "13",
    "secondary": "17",
    "twohanded": true
  },
  {
    "name": "Lajatang",
    "graphic": 0x27A7,
    "primary": "17",
    "secondary": "15",
    "twohanded": true
  },
  {
    "name": "No-Dachi",
    "graphic": 0x27A2,
    "primary": "4",
    "secondary": "14",
    "twohanded": true
  },
  {
    "name": "Nunchaku",
    "graphic": 0x27AE,
    "primary": "16",
    "secondary": "20"
  },
  {
    "name": "Sai",
    "graphic": 0x27AF,
    "primary": "16",
    "secondary": "23",
    "twohanded": true
  },
  {
    "name": "Tekagi",
    "graphic": 0x27AB,
    "primary": "21",
    "secondary": "19",
    "twohanded": true
  },
  {
    "name": "Tessen",
    "graphic": 0x27A3,
    "primary": "20",
    "secondary": "21",
    "twohanded": true
  },
  {
    "name": "Tetsubo",
    "graphic": 0x27A6,
    "primary": "15",
    "secondary": "4",
    "twohanded": true
  },
  {
    "name": "Wakizashi",
    "graphic": 0x27A4,
    "primary": "15",
    "secondary": "7"
  },
  {
    "name": "Yumi",
    "graphic": 0x27A5,
    "primary": "23",
    "secondary": "22",
    "twohanded": true
  },
  {
    "name": "Assassin Spike",
    "graphic": 0x2D21,
    "primary": "8",
    "secondary": "12"
  },
  {
    "name": "Diamond Mace",
    "graphic": 0x2D24,
    "primary": "3",
    "secondary": "4"
  },
  {
    "name": "Elven Composite Longbow",
    "graphic": 0x2D1E,
    "primary": "25",
    "secondary": "28"
  },
  {
    "name": "Elven Machete",
    "graphic": 0x2D35,
    "primary": "17",
    "secondary": "24"
  },
  {
    "name": "Elven Spellblade",
    "graphic": 0x2D20,
    "primary": "27",
    "secondary": "2",
    "twohanded": true
  },
  {
    "name": "Leafblade",
    "graphic": 0x2D22,
    "primary": "20",
    "secondary": "1"
  },
  {
    "name": "Magical Shortbow",
    "graphic": 0x2D2B,
    "primary": "26",
    "secondary": "27"
  },
  {
    "name": "Ornate Axe",
    "graphic": 0x2D28,
    "primary": "5",
    "secondary": "4",
    "twohanded": true
  },
  {
    "name": "Radiant Scimitar",
    "graphic": 0x2D33,
    "primary": "13",
    "secondary": "24"
  },
  {
    "name": "Rune Blade",
    "graphic": 0x2D32,
    "primary": "5",
    "secondary": "24",
    "twohanded": true
  },
  {
    "name": "War Cleaver",
    "graphic": 0x2D2F,
    "primary": "5",
    "secondary": "24"
  },
  {
    "name": "Wild Staff",
    "graphic": 0x2D25,
    "primary": "16",
    "secondary": "29"
  },
  {
    "name": "Soul Glaive",
    "graphic": 0x406b,
    "secondary": "9",
    "primary": "1"
  },
  {
    "name": "Cyclone",
    "graphic": 0x406c,
    "secondary": "30",
    "primary": "10"
  },
  {
    "name": "Boomerang",
    "graphic": 0x4067,
    "secondary": "3",
    "primary": "31"
  },
  {
    "name": "Bloodblade",
    "graphic": 0x8FE,
    "primary": "2",
    "secondary": "11"
  },
  {
    "name": "Disc Mace",
    "graphic": 0x903,
    "primary": "1",
    "secondary": "5"
  },
  {
    "name": "Dread Sword",
    "graphic": 0x90B,
    "primary": "4",
    "secondary": "3"
  },
  {
    "name": "Dual Pointed Spear",
    "graphic": 0x904,
    "primary": "7",
    "secondary": "5",
    "twohanded": true
  },
  {
    "name": "Dual Short Axes",
    "graphic": 0x8FD,
    "primary": "7",
    "secondary": "8",
    "twohanded": true
  },
  {
    "name": "Gargish Axe",
    "graphic": 0x48B2,
    "primary": "4",
    "secondary": "6",
    "twohanded": true
  },
  {
    "name": "Gargish Bardiche",
    "graphic": 0x48B4,
    "primary": "11",
    "secondary": "6",
    "twohanded": true
  },
  {
    "name": "Gargish Battle Axe",
    "graphic": 0x48B0,
    "primary": "2",
    "secondary": "3",
    "twohanded": true
  },
  {
    "name": "Gargish Bone Harvester",
    "graphic": 0x48C6,
    "primary": "11",
    "secondary": "9"
  },
  {
    "name": "Gargish Butcher Knife",
    "graphic": 0x48B6,
    "primary": "8",
    "secondary": "5"
  },
  {
    "name": "Gargish Cleaver",
    "graphic": 0x48AE,
    "primary": "2",
    "secondary": "8"
  },
  {
    "name": "Gargish Dagger",
    "graphic": 0x902,
    "primary": "8",
    "secondary": "12"
  },
  {
    "name": "Gargish Daisho",
    "graphic": 0x48D0,
    "primary": "20",
    "secondary": "7",
    "twohanded": true
  },
  {
    "name": "Gargish Gnarled Staff",
    "graphic": 0x48B8,
    "primary": "3",
    "secondary": "11",
    "twohanded": true
  },
  {
    "name": "Gargish Katana",
    "graphic": 0x48BA,
    "primary": "7",
    "secondary": "1"
  },
  {
    "name": "Gargish Kryss",
    "graphic": 0x48BC,
    "primary": "1",
    "secondary": "8"
  },
  {
    "name": "Gargish Lance",
    "graphic": 0x48CA,
    "primary": "6",
    "secondary": "3"
  },
  {
    "name": "Gargish Maul",
    "graphic": 0x48C2,
    "primary": "4",
    "secondary": "3"
  },
  {
    "name": "Gargish Pike",
    "graphic": 0x48C8,
    "primary": "11",
    "secondary": "8",
    "twohanded": true
  },
  {
    "name": "Gargish Scythe",
    "graphic": 0x48C4,
    "primary": "2",
    "secondary": "11",
    "twohanded": true
  },
  {
    "name": "Gargish Talwar",
    "graphic": 0x908,
    "primary": "13",
    "secondary": "6",
    "twohanded": true
  },
  {
    "name": "Gargish Tekagi",
    "graphic": 0x48CE,
    "primary": "21",
    "secondary": "19",
    "twohanded": true
  },
  {
    "name": "Gargish Tessen",
    "graphic": 0x48CC,
    "primary": "20",
    "secondary": "16",
    "twohanded": true
  },
  {
    "name": "Gargish War Hammer",
    "graphic": 0x48C0,
    "primary": "13",
    "secondary": "4"
  },
  {
    "name": "Glass Staff",
    "graphic": 0x905,
    "primary": "7",
    "secondary": "9",
    "twohanded": true
  },
  {
    "name": "Glass Sword",
    "graphic": 0x90C,
    "primary": "2",
    "secondary": "9"
  },
  {
    "name": "Serpentstone Staff",
    "graphic": 0x906,
    "primary": "4",
    "secondary": "6",
    "twohanded": true
  },
  {
    "name": "Shortblade",
    "graphic": 0x907,
    "primary": "1",
    "secondary": "9"
  },
  {
    "name": "Stone War Sword",
    "graphic": 0x900,
    "primary": "1",
    "secondary": "11"
  }
]
